<project>
<task>
	<pID>10</pID>
	<pName>WCF Changes</pName>
	<pStart></pStart>
	<pEnd></pEnd>
	<pColor>0000ff</pColor>
	<pLink></pLink>
	<pMile>0</pMile>
	<pRes></pRes>
	<pComp>0</pComp>
	<pGroup>1</pGroup>
	<pParent>0</pParent>
	<pOpen>1</pOpen>
	<pDepend />
</task>
<task>
	<pID>20</pID>
	<pName>Move to WCF from remoting</pName>
	<pStart>9/11/2008</pStart>
	<pEnd>9/15/2008</pEnd>
	<pColor>0000ff</pColor>
	<pLink></pLink>
	<pMile>0</pMile>
	<pRes>Rich</pRes>
	<pComp>10</pComp>
	<pGroup>0</pGroup>
	<pParent>10</pParent>
	<pOpen>1</pOpen>
	<pDepend></pDepend>
	<pCaption>Brian</pCaption>
</task>
<task>
	<pID>30</pID>
	<pName>add Auditing</pName>
	<pStart>9/19/2008</pStart>
	<pEnd>9/21/2008</pEnd>
	<pColor>0000ff</pColor>
	<pLink></pLink>
	<pMile>0</pMile>
	<pRes>Shlomy</pRes>
	<pComp>50</pComp>
	<pGroup>0</pGroup>
	<pParent>10</pParent>
	<pOpen>1</pOpen>
	<pDepend>20</pDepend>
	<pCaption>Shlomy</pCaption>
</task>
<task>
	<pID>40</pID>
	<pName>Yet another task</pName>
	<pStart>9/23/2008</pStart>
	<pEnd>9/24/2008</pEnd>
	<pColor>0000ff</pColor>
	<pLink></pLink>
	<pMile>0</pMile>
	<pRes>Shlomy</pRes>
	<pComp>30</pComp>
	<pGroup>0</pGroup>
	<pParent>0</pParent>
	<pOpen>1</pOpen>
	<pDepend>20,30</pDepend>
	<pCaption>Shlomy</pCaption>
</task>
</project>